,Position,Mutation,n,Total,Percent,Season,Type
0,140,I140K,20217,23963,0.8436756666527563,22/23,RegionOfInterest
1,50,E50K,19545,20027,0.9759324911369651,23/24,PrivateMutation
2,53,G53N,19823,20027,0.9898137514355619,23/24,RegionOfInterest
3,96,N96S,19609,20027,0.9791281769611025,23/24,PrivateMutation
4,140,I140K,19771,20027,0.9872172567034504,23/24,RegionOfInterest
5,192,I192F,19567,20027,0.9770310081390123,23/24,RegionOfInterest
6,223,I223V,18334,20027,0.9154641234333649,23/24,PrivateMutation
7,276,K276E,15161,20027,0.7570280121835522,23/24,RegionOfInterest
8,378,N378S,19307,20027,0.9640485344784541,23/24,PrivateMutation
