,Position,Mutation,n,Total,Percent,Season
0,156,K156N,7884,9992,0.789031224979984,19/20
1,250,A250V,7760,9992,0.77662129703763,19/20
2,506,D506E,7643,9992,0.764911929543635,19/20
3,156,K156N,426,520,0.8192307692307692,20/21
4,506,D506E,429,520,0.825,20/21
5,189,Q189E,1731,1949,0.888147768086198,21/22
6,54,K54Q,15338,15806,0.9703909907630014,22/23
7,186,A186T,15369,15806,0.9723522712893837,22/23
8,189,Q189E,15412,15806,0.9750727571808174,22/23
9,224,E224A,15632,15806,0.9889915222067569,22/23
10,259,R259K,15360,15806,0.9717828672655954,22/23
11,308,K308R,15279,15806,0.9666582310514994,22/23
12,418,I418V,13398,15806,0.8476527900797166,22/23
