   ,Position ,Mutation ,n     ,Total ,Percent            ,Season ,Type
 0 ,     156 ,K156N    , 7884 , 9992 ,0.789031224979984  ,19/20  ,RegionOfInterest
 1 ,     250 ,A250V    , 7760 , 9992 ,0.77662129703763   ,19/20  ,PrivateMutation
 2 ,     506 ,D506E    , 7643 , 9992 ,0.764911929543635  ,19/20  ,PrivateMutation
 3 ,     156 ,K156N    ,  426 ,  520 ,0.8192307692307692 ,20/21  ,RegionOfInterest
 4 ,     506 ,D506E    ,  429 ,  520 ,0.825              ,20/21  ,PrivateMutation
 5 ,     189 ,Q189E    , 1731 , 1949 ,0.888147768086198  ,21/22  ,RegionOfInterest
 6 ,      54 ,K54Q     ,15338 ,15806 ,0.9703909907630014 ,22/23  ,PrivateMutation
 7 ,     186 ,A186T    ,15369 ,15806 ,0.9723522712893837 ,22/23  ,MutationOfConcern
 8 ,     189 ,Q189E    ,15412 ,15806 ,0.9750727571808174 ,22/23  ,RegionOfInterest
 9 ,     224 ,E224A    ,15632 ,15806 ,0.9889915222067569 ,22/23  ,RegionOfInterest
10 ,     259 ,R259K    ,15360 ,15806 ,0.9717828672655954 ,22/23  ,PrivateMutation
11 ,     308 ,K308R    ,15279 ,15806 ,0.9666582310514994 ,22/23  ,PrivateMutation
12 ,     418 ,I418V    ,13398 ,15806 ,0.8476527900797166 ,22/23  ,PrivateMutation
13 ,      54 ,K54Q     ,24785 ,25208 ,0.9832196128213265 ,23/24  ,PrivateMutation
14 ,     186 ,A186T    ,24802 ,25208 ,0.9838940019041574 ,23/24  ,MutationOfConcern
15 ,     189 ,Q189E    ,24881 ,25208 ,0.9870279276420184 ,23/24  ,RegionOfInterest
16 ,     224 ,E224A    ,25135 ,25208 ,0.9971040939384322 ,23/24  ,RegionOfInterest
17 ,     259 ,R259K    ,24781 ,25208 ,0.983060933037131  ,23/24  ,PrivateMutation
18 ,     308 ,K308R    ,24778 ,25208 ,0.9829419231989844 ,23/24  ,PrivateMutation
19 ,     418 ,I418V    ,24084 ,25208 ,0.9554109806410663 ,23/24  ,PrivateMutation
